Title,Movie ID,Genre,Production Company,Budget,Revenue,Tagline,Release Date
Avengers: Age of Ultron,99861,Action,Prime Focus,280000000,1405403694,A New Age Has Come.,2015-04-22
Terminator Genisys,87101,Science Fiction,Skydance Media,155000000,440603537,Reset the future,2015-06-23
San Andreas,254128,Action,New Line Cinema,110000000,470490832,"A rescue pilot survived an earthquake, this is what happens next",2015-05-27
Cinderella,150689,Romance,Walt Disney Pictures,95000000,543514353,Midnight is just the beginning.,2015-03-12
Mad Max: Fury Road,76341,Action,Village Roadshow Pictures,150000000,378858340,What a Lovely Day.,2015-05-13
Star Wars: The Force Awakens,140607,Action,Truenorth Productions,245000000,2068223624,Every generation has a story.,2015-12-15
Spectre,206647,Action,Danjaq,245000000,880674609,A Plan No One Escapes,2015-10-26
Inside Out,150540,Drama,Pixar,175000000,857611174,Meet the little voices inside your head.,2015-06-09
Insurgent,262500,Action,Summit Entertainment,110000000,295238201,One Choice Can Destroy You,2015-03-18
Jupiter Ascending,76757,Science Fiction,Anarchos Productions,176000003,183987723,Expand your universe.,2015-02-04
Chappie,198184,Crime,Columbia Pictures,49000000,104399548,I am consciousness. I am alive. I am Chappie.,2015-03-04
Ant-Man,102899,Science Fiction,Marvel Studios,130000000,519311965,Heroes don't get any bigger.,2015-07-14
Tomorrowland,158852,Adventure,Babieka,190000000,209154322,Imagine a world where nothing is impossible.,2015-05-19
Maze Runner: The Scorch Trials,294254,Action,Temple Hill Entertainment,61000000,311256926,The Maze Was Just the Beginning.,2015-09-09
Everest,253412,Adventure,Cross Creek Pictures,55000000,203427584,The Storm Awaits.,2015-09-10
Mission: Impossible - Rogue Nation,177677,Action,Paramount,150000000,682330139,Desperate Times. Desperate Measures.,2015-07-23
Fifty Shades of Grey,216015,Drama,Trigger Street Productions,40000000,571006128,Are you curious?,2015-02-11
Furious 7,168259,Action,Abu Dhabi Film Commission,190000000,1506249360,Vengeance Hits Home,2015-04-01
The Walk,285783,Adventure,TriStar Pictures,35000000,61181942,Dream High.,2015-09-30
Ex Machina,264660,Drama,A24,15000000,36869414,There is nothing more human than the will to survive,2015-01-21
Southpaw,307081,Action,Fuqua Films,30000000,91709827,Believe in Hope.,2015-06-15
Jurassic World,135397,Action,Fuji Television Network,150000000,1513528810,The park is open.,2015-06-09
Bridge of Spies,296098,Thriller,TSG Entertainment,40000000,165478348,"In the shadow of war, one man showed the world what we stood for.",2015-10-15
Sicario,273481,Action,Lionsgate,30000000,84025816,The border is just another line to cross.,2015-09-17
Creed,312221,Drama,Chartoff Winkler Productions,37000000,173567581,Your legacy is more than a name,2015-11-25
Female War: A Nasty Deal,399905,Drama,NaN,0,0,,2015-09-27
Room,264644,Drama,Elevation Pictures,6000000,35401758,Love knows no boundaries,2015-10-16
The Man from U.N.C.L.E.,203801,Comedy,Wigram Productions,75000000,108145109,Saving the world never goes out of style.,2015-08-13
The Big Short,318846,Comedy,Plan B Entertainment,28000000,133346506,This is a true story.,2015-12-11
Kingsman: The Secret Service,207703,Crime,TSG Entertainment,81000000,414351546,Manners maketh man.,2015-01-24
In the Heart of the Sea,205775,Thriller,Imagine Entertainment,100000000,93820758,Based on the incredible true story that inspired Moby Dick,2015-11-20
Focus,256591,Romance,Kramer & Sigman Films,50100000,153962963,Never Drop The Con.,2015-02-25
Black Mass,261023,Thriller,Vendian Entertainment,53000000,98837872,Keep your enemies close.,2015-09-04
The Martian,286217,Drama,Scott Free Productions,108000000,630161890,Bring Him Home,2015-09-30
NaN,NaN,NaN,NaN,NaN,NaN,NaN,NaN
NaN,NaN,NaN,NaN,NaN,NaN,NaN,NaN
NaN,NaN,NaN,NaN,NaN,NaN,NaN,NaN
NaN,NaN,NaN,NaN,NaN,NaN,NaN,NaN
NaN,NaN,NaN,NaN,NaN,NaN,NaN,NaN
NaN,NaN,NaN,NaN,NaN,NaN,NaN,NaN
NaN,NaN,NaN,NaN,NaN,NaN,NaN,NaN
NaN,NaN,NaN,NaN,NaN,NaN,NaN,NaN
The Danish Girl,306819,Drama,Pretty Pictures,15000000,64191523,Find the courage to be yourself.,2015-11-27
Pixels,257344,Action,Happy Madison Productions,88000000,243637091,Game On.,2015-07-16
Pitch Perfect 2,254470,Comedy,Universal Pictures,29000000,287506194,We're back pitches,2015-05-07
Minions,211672,Family,Illumination Entertainment,74000000,1156730962,"Before Gru, they had a history of bad bosses",2015-06-17
Wild Card,265208,Thriller,SJ Pictures,30000000,0,Never bet against a man with a killer hand.,2015-01-14
Ted 2,214756,Comedy,Smart Entertainment,68000000,217022588,"Ted is Coming, Again.",2015-06-25
Run All Night,241554,Action,RatPac-Dune Entertainment,50000000,71561644,No sin goes unpunished,2015-03-11
The Hateful Eight,273248,Crime,The Weinstein Company,44000000,155760117,No one comes up here without a damn good reason.,2015-12-25
Spotlight,314365,Drama,Universal Pictures,20000000,88346473,Break the story. Break the silence.,2015-11-06
Home,228161,Fantasy,DreamWorks Animation,135000000,368871007,Worlds Collide,2015-03-18
Poltergeist,243688,Horror,TSG Entertainment,35000000,95437994,They're Here. And They Know What Scares You.,2015-05-20
Insidious: Chapter 3,280092,Drama,Sony Pictures,10000000,104303851,This is how you die,2015-06-04
Self/less,238615,Science Fiction,Ram Bergman Productions,26000000,30523226,God Created Man. Man Created Immortality.,2015-07-10
Tracers,290764,Action,Melbarken,11000000,593683,It's not a crime if they can't catch you.,2015-01-15
Descendants,277217,TV Movie,Disney Channel,0,0,They're not bad. They're just born that way.,2015-07-31
Hotel Transylvania 2,159824,Animation,Sony Pictures,80000000,473226958,They're back to raise a little terror,2015-09-21
Blackhat,201088,Crime,Universal Pictures,70000000,17752940,We are no longer in control.,2015-01-13
Me and Earl and the Dying Girl,308369,Comedy,Indian Paintbrush,0,0,A Little Friendship Never Killed Anyone.,2015-06-12
Steve Jobs,321697,Drama,Universal Pictures,30000000,34441873,Can a great man be a good man?,2015-10-09
The Wedding Ringer,252838,Comedy,Screen Gems,23000000,79799880,He's the best man... money can buy.,2015-01-16
Crimson Peak,201085,Drama,Double Dare You Productions,55000000,74679822,Love makes monsters of us all.,2015-10-13
The Good Dinosaur,105864,Adventure,Pixar,175000000,331926147,Little Arms With Big Attitude,2015-11-14
Brooklyn,167073,Drama,Wildgaze Films,11000000,62076141,"Two countries, two loves, one heart",2015-10-20
Carol,258480,Romance,Killer Films,0,40272135,Some people change your life forever.,2015-11-20
Tremors 5: Bloodlines,339530,Science Fiction,Universal 1440 Entertainment,0,0,,2015-10-06
The DUFF,272693,Romance,Wonderland Sound and Vision,8500000,43528634,"You either know one, you have one, or you are one.",2015-02-20
The Longest Ride,228205,Drama,Fox 2000 Pictures,34000000,63013281,Two couples. Two love stories. One epic tale.,2015-04-09
Hitman: Agent 47,249070,Action,Québec Production Services Tax Credit,35000000,81967450,Your Number is Up.,2015-08-20
Ip Man 3,365222,Action,Mandarin Films Distribution Co.,36000000,156844753,,2015-12-19
The Last Witch Hunter,274854,Fantasy,NeoReel,90000000,146936910,Hunt forever.,2015-10-21
While We're Young,252512,Comedy,A24,10000000,7587485,Life Never Gets Old.,2015-04-03
Survivor,334074,Thriller,Survivor Productions,20000000,0,His Next Target is Now Hunting Him,2015-05-21
Goosebumps,257445,Adventure,Village Roadshow Pictures,58000000,158162788,The stories are alive.,2015-08-05
Fantastic Four,166424,Action,Moving Picture Company,120000000,167977596,Change is coming.,2015-08-05
Vice,307663,Thriller,Grindstone Entertainment Group,10000000,0,Where the future is your past.,2015-01-16
Legend,276907,Crime,Working Title Films,25000000,42972994,"Love, fight, live, rule like a legend.",2015-09-09
The Night Before,296100,Comedy,Sony Pictures,25000000,52395996,"Their past, present and future. All in one night.",2015-11-20
Pan,266647,Adventure,Moving Picture Company,150000000,128388320,Every legend has a beginning.,2015-09-24
Vacation,296099,Comedy,New Line Cinema,31000000,104384188,What could go wrong?,2015-07-28
Daddy's Home,274167,Comedy,Paramount,50000000,242786137,Choose your Daddy,2015-12-25
NaN,NaN,NaN,NaN,NaN,NaN,NaN,NaN
NaN,NaN,NaN,NaN,NaN,NaN,NaN,NaN
Child 44,181283,Crime,Summit Entertainment,50000000,3324330,How do you find a killer who doesn’t exist?,2015-03-15
Aloha,222936,Drama,Vinyl Films,37000000,26250020,Sometimes you have to say goodbye before you can say hello.,2015-05-27
Some Kind of Beautiful,253344,Comedy,Southpaw Entertainment,0,0,Every good love story has three sides.,2015-07-16
Knock Knock,263472,Drama,Sobras International Pictures,2500000,6341684,One night can cost you everything.,2015-06-26
Trainwreck,271718,Comedy,Universal Pictures,35000000,140795793,We All Know One.,2015-07-17
Mr. Holmes,280996,Drama,FilmNation Entertainment,0,29355203,The man behind the myth.,2015-06-19
Mortdecai,210860,Comedy,Lionsgate,60000000,30418560,Sophistication Has a Name.,2015-01-21
The Diary of a Teenage Girl,250124,Drama,Archer Gray,2000000,1477002,Some things are best kept secret,2015-08-07
The Lobster,254320,Thriller,Scarlet Films,4000000,15656193,An unconventional love story...,2015-10-08
Tale of Tales,314405,Romance,Amer,12000000,0,Desire. Envy. Obsession.,2015-05-14
Hardcore Henry,325348,Action,Huayi Brothers Media,10000000,14333790,First they made him dangerous. Then they made him mad.,2015-09-12
A Delicious Flight,390845,Romance,NaN,0,0,,2015-11-01
Get Hard,257091,Comedy,Gary Sanchez Productions,40000000,111811453,An education in incarceration.,2015-03-26
Sinister 2,283445,Horror,Tank Caterpillar,10000000,52882018,"Be careful, children at play.",2015-08-19
Maggie,287424,Horror,Sly Predator,4000000,187112,Don't Get Bitten,2015-05-08
Concussion,321741,Drama,Village Roadshow Pictures,35000000,50363790,Even Legends Need a Hero,2015-11-12
Entourage,188222,Comedy,Closest to the Hole Productions,30000000,49263404,Dream Large. Live Larger.,2015-06-03
The Peanuts Movie,227973,Adventure,Twentieth Century Fox Animation,99000000,246233113,The story of an underdog. And his dog.,2015-11-05
Hot Tub Time Machine 2,243938,Comedy,United Artists,14000000,12314651,The Laws of Space and Time are About to be Violated.,2015-02-20
Trumbo,294016,Drama,ShivHans Pictures,15000000,8235661,Are you now or have you ever been...,2015-10-27
The Transporter Refueled,287948,Thriller,EuropaCorp,25000000,72629670,He Delivers.,2015-09-03
The Lady in the Van,328589,Comedy,TriStar Productions,6000000,41387687,A mostly true story,2015-11-13
American Ultra,261392,Comedy,Merced Media Partners,28000000,27139524,Everyone's getting smoked.,2015-08-19
No Escape,192141,Action,Living Films,5000000,54418872,No rescue. No refuge.,2015-08-26
Macbeth,225728,History,Anton Capital Entertainment (ACE),15000000,12601706,All hail Macbeth that shall be king,2015-08-16
The Gunman,266396,Action,StudioCanal,40000000,13644292,Armed With the Truth.,2015-02-16
Mythica: The Darkspore,347096,Action,Arrowstorm Entertainment,0,0,,2015-06-24
Sisters,266294,Comedy,Little Stranger,30000000,105011053,Big sisters don't always know best.,2015-12-18
Backcountry,228973,Drama,Téléfilm Canada,0,0,Survive.,2015-03-20
High-Rise,254302,Drama,Ingenious Media,0,346472,Leave the real world behind,2015-11-22
Kill Me Three Times,237756,Comedy,Cargo Films,0,0,Once is never enough.,2015-04-10
Kung Fury,251516,Action,Laser Unicorns,630019,0,It takes a cop from the future to fight an enemy from the past.,2015-05-22
Victor Frankenstein,228066,Drama,Davis Entertainment,40000000,34227298,Discover the origin of the monster and his creation.,2015-11-10
Paper Towns,286565,Drama,Fox 2000 Pictures,12000000,85512300,Get Lost. Get Found.,2015-06-18
Solace,339527,Thriller,Venture Forth,0,22586863,"A serial killer who can see your future, a psychic who can save it",2015-09-03
The Gift,328425,Thriller,Huayi Brothers Media,5000000,58978653,Not every gift is welcome.,2015-07-30
Alvin and the Chipmunks: The Road Chip,258509,Adventure,TSG Entertainment,0,233755553,Fast & furry-ous,2015-12-17
We Are Your Friends,301351,Drama,Working Title Films,6000000,11122090,The world is yours.,2015-08-26
Secret in Their Eyes,290751,Crime,Ingenious Media,19500000,34854990,The truth lies in the most unexpected places.,2015-10-14
I Spit on Your Grave III: Vengeance is Mine,357096,Horror,Cinetel Films,0,0,,2015-10-09
NaN,NaN,NaN,NaN,NaN,NaN,NaN,NaN
NaN,NaN,NaN,NaN,NaN,NaN,NaN,NaN
NaN,NaN,NaN,NaN,NaN,NaN,NaN,NaN
NaN,NaN,NaN,NaN,NaN,NaN,NaN,NaN
NaN,NaN,NaN,NaN,NaN,NaN,NaN,NaN
NaN,NaN,NaN,NaN,NaN,NaN,NaN,NaN
NaN,NaN,NaN,NaN,NaN,NaN,NaN,NaN
NaN,NaN,NaN,NaN,NaN,NaN,NaN,NaN
NaN,NaN,NaN,NaN,NaN,NaN,NaN,NaN
NaN,NaN,NaN,NaN,NaN,NaN,NaN,NaN
Scouts Guide to the Zombie Apocalypse,273477,Comedy,Paramount,15000000,14860766,Always bring protection.,2015-10-23
The Little Prince,309809,Adventure,Paramount Animation,64000000,97571250,Growing up isn't the problem... forgetting is.,2015-07-29
Woman in Gold,304357,Drama,Origin Pictures,11000000,61619773,Justice is priceless.,2015-04-10
Slow West,223485,Romance,A24,0,229094,Wanted Dead or Dead,2015-04-16
The SpongeBob Movie: Sponge Out of Water,228165,Adventure,Paramount Animation,74000000,311594032,He's leaving his world behind.,2015-02-05
Joy,274479,Drama,TSG Entertainment,60000000,101134059,,2015-12-24
The Invitation,306947,Thriller,Pandastorm Pictures,0,231737,There is nothing to be afraid of,2015-08-05
Superfast!,325358,Action,The Safran Company,20000000,0,They're going nowhere... fast.,2015-03-05
Sleeping with Other People,288036,Comedy,Sidney Kimmel Entertainment,0,3214116,A romantic comedy with commitment issues.,2015-06-26
Barely Lethal,248574,Action,A24,0,6075,Click. Clique. Bang.,2015-04-30
The Blackcoat's Daughter,334536,Horror,Zed Filmworks,0,19980,Abandoned as a child. Raised by the dark.,2015-11-20
Absolutely Anything,86828,Comedy,Phoenix Pictures,0,7200039,Great power. Total irresponsibility.,2015-06-26
Air,284674,Science Fiction,Oddfellows Entertainment,0,0,Two men. One Task: save humankind.,2015-08-14
Paranormal Activity: The Ghost Dimension,146301,Horror,Paramount,10000000,78096553,You can't save them. All you can do is watch.,2015-10-21
Love the Coopers,333348,Comedy,Imagine Entertainment,17000000,42426912,"Christmas means comfort, joy and chaos.",2015-11-12
Frozen Fever,326359,Adventure,Walt Disney Pictures,0,0,,2015-03-09
X+Y,278236,Drama,Original Pictures,0,0,True genius comes from opening your heart,2015-03-13
The Student and Mister Henri,360638,Drama,Mandarin Films,0,0,,2015-10-07
Boruto: Naruto the Movie,347201,Action,Pierrot,0,0,,2015-08-07
Kidnapping Mr. Heineken,228968,Drama,Umedia,0,2633527,It was the perfect crime until they got away with it.,2015-03-12
Mythica: The Necromancer,370687,Fantasy,Camera 40 Productions,0,0,,2015-12-19
Miss You Already,290762,Comedy,New Sparta Films,0,0,"When life falls apart, friends keep it together",2015-09-12
Beasts of No Nation,283587,Drama,Participant Media,6000000,9077700,Child. Captive. Killer.,2015-09-11
By the Sea,314385,Drama,Pellikola,10000000,3727746,,2015-11-12
Unfinished Business,239573,Comedy,Studio Babelsberg,35000000,14431253,Best business trip ever.,2015-03-05
Little Boy,256962,Comedy,Santa Fé Films,20000000,6485961,Believe the impossible.,2015-04-23
Yongju Valley,398222,NaN,NaN,0,0,,2015-11-19
Regression,241257,Horror,The Weinstein Company,0,17671101,Fear always finds its victim,2015-10-01
Suffragette,245168,Drama,Ruby Films,14000000,16002420,Mothers. Daughters. Rebels.,2015-10-16
The Scorpion King: Quest for Power,297291,Action,Universal Pictures,0,0,Action Adventure,2015-01-09
Eye in the Sky,333352,Drama,Entertainment One,13000000,18704595,Welcome to the new front line,2015-09-11
Good Kill,253626,Action,Sobini Films,0,316472,,2015-04-09
The Lion Guard: Return of the Roar,359983,TV Movie,Walt Disney Television Animation,0,0,,2015-11-22
Our Brand Is Crisis,10317,Comedy,Participant Media,28000000,7002261,May the best campaign win.,2015-09-11
Point Break,257088,Action,Studio Babelsberg,105000000,133718711,The only law that matters is gravity,2015-12-03
Far from the Madding Crowd,250734,Drama,Fox Searchlight Pictures,0,30229977,,2015-04-23
Jem and the Holograms,266639,Adventure,Universal Pictures,5000000,2333684,Every Generation Needs a Voice.,2015-10-22
Jane Got a Gun,174751,Action,1821 Pictures,25000000,1397284,,2015-12-31
Mustang,336804,Drama,"Doha Film Institute, The",1300000,250000,Their spirit would never be broken,2015-06-17
The End of the Tour,249688,Drama,A24,0,3002884,Imagine the greatest conversation you've ever had.,2015-07-31
NaN,NaN,NaN,NaN,NaN,NaN,NaN,NaN
NaN,NaN,NaN,NaN,NaN,NaN,NaN,NaN
NaN,NaN,NaN,NaN,NaN,NaN,NaN,NaN
NaN,NaN,NaN,NaN,NaN,NaN,NaN,NaN
NaN,NaN,NaN,NaN,NaN,NaN,NaN,NaN
NaN,NaN,NaN,NaN,NaN,NaN,NaN,NaN
4Got10,362046,Western,Puppy Entertainment,0,0,"The good, the bad, and the dead.",2015-09-11
Howl,301846,Horror,Starchild Pictures,0,0,Last Train. Full Moon. All Change.,2015-10-01
Heist,336004,Crime,Silver Plane Films,8900000,4100000,Never make a bet you can't afford to lose.,2015-11-13
Home Sweet Hell,276839,Drama,Passcode Entertainment,3000000,0,Psycho Wife. Unhappy Life.,2015-03-13
The Dressmaker,298382,Drama,White Hot Productions,11930000,18340000,Revenge is back in fashion,2015-10-01
Equals,301875,Drama,A24,16000000,2084628,Find your equal.,2015-07-15
"Hello, My Name Is Doris",320588,Comedy,Red Crown Productions,1000000,14444999,She's not ready to act her age,2015-11-27
Demonic,234212,Thriller,Icon Entertainment International,3000000,3387000,Every House Has It's Secrets,2015-02-12
Magic Mike XXL,264999,Comedy,Iron Horse Entertainment (II),14800000,122513057,Back to the grind.,2015-07-01
The Assassin,253450,Action,Sil-Metropole Organisation,15000000,632542,,2015-08-27
Hot Pursuit,268920,Action,New Line Cinema,35000000,51680201,Armed and Sort-of Dangerous.,2015-05-08
Danny Collins,256924,Comedy,ShivHans Pictures,10000000,10835752,A letter from John Lennon changed his life,2015-03-19
He Never Died,279690,Thriller,Alternate Ending Studios,0,0,Bullets. Blood. Bingo.,2015-03-17
Taxi,320006,Documentary,Jafar Panahi Film Productions,0,0,,2015-04-15
The Second Best Exotic Marigold Hotel,268238,Drama,Fox Searchlight Pictures,10000000,85978266,,2015-02-26
Lavalantula,294562,Horror,Syfy,0,0,Fire Burns... Lava Bites,2015-08-08
Last Knights,308504,Action,CJ Entertainment,0,3643591,,2015-04-03
The Lazarus Effect,243940,Thriller,Lionsgate,3300000,64110728,Evil will rise.,2015-01-29
The Boy Next Door,241251,Thriller,Smart Entertainment,4000000,52425855,A Moment She Couldn't Resist. An Obsession He Can't Control.,2015-01-23
Dragon Ball Z: Resurrection 'F',303857,Action,Fox International Productions,5000000,61768190,,2015-04-18
Zootopia,269149,Animation,Walt Disney Animation Studios,150000000,1023784195,Welcome to the urban jungle.,2016-02-11
Batman v Superman: Dawn of Justice,209112,Action,RatPac-Dune Entertainment,250000000,873260194,Justice or revenge,2016-03-23
Captain America: Civil War,271110,Adventure,Marvel Studios,240000000,1153304495,Divided We Fall,2016-04-27
Fantastic Beasts and Where to Find Them,259316,Adventure,Heyday Films,180000000,809342332,From J.K. Rowling's wizarding world.,2016-11-16
Hacksaw Ridge,324786,Drama,Vendian Entertainment,40000000,175302354,One of the greatest heroes in American history never fired a bullet.,2016-10-07
X-Men: Apocalypse,246655,Action,Donners' Company,178000000,543934787,Only the strong will survive,2016-05-18
Robby and Toby's Fantastic Voyager,394823,Adventure,NaN,0,0,,2016-12-01
The Jungle Book,278927,Adventure,Walt Disney Pictures,175000000,966550600,The legend will never be the same.,2016-04-07
Deadpool,293660,Action,Marvel Entertainment,58000000,783100000,Witness the beginning of a happy ending,2016-02-09
Kung Fu Panda 3,140300,Action,Oriental DreamWorks,145000000,521170825,Grab destiny by the rice dumplings.,2016-01-23
La La Land,313369,Comedy,Summit Entertainment,30000000,445435700,Here's to the fools who dream.,2016-11-29
Miss Peregrine's Home for Peculiar Children,283366,Drama,Big Screen Productions,111000000,296485718,Stay peculiar,2016-09-28
The Legend of Tarzan,258489,Action,Village Roadshow Pictures,180000000,356743061,Human. Nature.,2016-06-29
Star Trek Beyond,188927,Action,Skydance Media,185000000,343471816,,2016-07-07
The Magnificent Seven,333484,Adventure,Escape Artists,90000000,162360636,Justice has a number.,2016-09-14
Rogue One: A Star Wars Story,330459,Action,Walt Disney Pictures,200000000,1056057273,A Rebellion Built on Hope,2016-12-14
Finding Dory,127380,Adventure,Pixar,200000000,1028570889,An unforgettable journey she probably won't remember.,2016-06-16
Doctor Strange,284052,Action,Marvel Studios,166000000,677718395,Open your mind. Change your reality.,2016-10-25
Now You See Me 2,291805,Action,Summit Entertainment,90000000,334901337,You Haven't Seen Anything Yet,2016-06-02
Tisay,425895,Drama,Cinema One Originals,0,0,,2016-11-14
NaN,NaN,NaN,NaN,NaN,NaN,NaN,NaN
NaN,NaN,NaN,NaN,NaN,NaN,NaN,NaN
NaN,NaN,NaN,NaN,NaN,NaN,NaN,NaN
NaN,NaN,NaN,NaN,NaN,NaN,NaN,NaN
NaN,NaN,NaN,NaN,NaN,NaN,NaN,NaN
NaN,NaN,NaN,NaN,NaN,NaN,NaN,NaN
NaN,NaN,NaN,NaN,NaN,NaN,NaN,NaN
NaN,NaN,NaN,NaN,NaN,NaN,NaN,NaN
NaN,NaN,NaN,NaN,NaN,NaN,NaN,NaN
NaN,NaN,NaN,NaN,NaN,NaN,NaN,NaN
NaN,NaN,NaN,NaN,NaN,NaN,NaN,NaN
Suicide Squad,297761,Action,Atlas Entertainment,176000000,745600054,Worst Heroes Ever,2016-08-02
The Accountant,302946,Crime,Zero Gravity Management,44000000,155160045,Calculate your choices.,2016-10-14
Boyka: Undisputed IV,348893,Thriller,Nu Boyana Viburno,0,0,Boyka is back!,2016-08-01
Assassin's Creed,121856,Action,New Regency Pictures,125000000,240697856,Your destiny is in your blood.,2016-12-21
Alice Through the Looking Glass,241259,Adventure,Legend3D,170000000,299370084,It's time for a little madness.,2016-05-25
Hidden Figures,381284,Drama,Fox 2000 Pictures,25000000,230698791,"Meet the women you don't know, behind the mission you do.",2016-12-10
Warcraft,68735,Action,Legendary Pictures,160000000,433677183,Two worlds. One home.,2016-05-25
Trolls,136799,Adventure,DreamWorks Animation,125000000,346864462,,2016-10-13
Sister's Younger Husband,418827,Comedy,NaN,0,0,A sexy brother-in-law approached her? And he’s a younger man?,2016-10-11
The Conjuring 2,259693,Horror,New Line Cinema,40000000,320170008,The next true story from the case files of Ed and Lorraine Warren,2016-05-13
Central Intelligence,302699,Action,Principato-Young Entertainment,50000000,216972543,Saving the world takes a little Hart and a big Johnson,2016-06-15
Sing,335797,Animation,Illumination Entertainment,75000000,632443719,Auditions begin 2016.,2016-11-23
Independence Day: Resurgence,47933,Action,Centropolis Entertainment,165000000,389681935,We had twenty years to prepare. So did they.,2016-06-22
Lion,334543,Drama,The Weinstein Company,12000000,140302754,The search begins,2016-11-24
The Huntsman: Winter's War,290595,Action,Roth Films,115000000,164602163,The story before Snow White,2016-04-06
Allegiant,262504,Adventure,Mandeville Films,110000000,179246868,Break the boundaries of your world,2016-03-09
10 Cloverfield Lane,333371,Thriller,Spectrum Effects,15000000,108286421,Monsters come in many forms.,2016-03-10
Bad Moms,376659,Comedy,STX Entertainment,20000000,183936074,Party like a mother.,2016-07-28
Jason Bourne,324668,Action,The Kennedy/Marshall Company,120000000,415484914,You know his name,2016-07-27
Inferno,207932,Mystery,Mid Atlantic Films,75000000,220021259,His greatest challenge. Humanity's last hope.,2016-10-13
The Great Wall,311324,Action,Legendary Pictures,150000000,331957105,1700 years to build. 5500 miles long. What were they trying to keep out?,2016-12-16
Captain Fantastic,334533,Adventure,ShivHans Pictures,5000000,5879736,He Prepared Them for Everything Except the Outside World.,2016-07-02
Nocturnal Animals,340666,Drama,Universal Pictures,22500000,29252978,When you love someone you can't just throw it away,2016-11-04
The Purge: Election Year,316727,Action,Why Not Productions,10000000,118587880,Keep America great,2016-06-29
The Shallows,332567,Horror,Columbia Pictures,17000000,119100758,What was once in the deep is now in the shallows.,2016-06-24
The Boy,321258,Horror,Lakeshore Entertainment,10000000,64188367,Every child needs to feel loved.,2016-01-22
Dirty Grandpa,291870,Comedy,Covert Media,11500000,94073028,This is Jason. He's a little worried about his grandpa.,2016-01-21
Ben-Hur,271969,Action,Sean Daniel Company,100000000,94061311,First to finish. Last to die.,2016-08-17
The 5th Wave,299687,Adventure,LStar Capital,38000000,109906372,Protect Your Own,2016-01-14
The Angry Birds Movie,153518,Adventure,Sony Pictures Animation,73000000,349779543,Why so angry?,2016-05-11
Sausage Party,223702,Adventure,Columbia Pictures,19000000,140705322,Always use condiments,2016-07-11
Gods of Egypt,205584,Action,Thunder Road Pictures,140000000,150680864,The battle for eternity begins,2016-02-25
Ballerina,342473,Animation,Main Journey,30000000,2351359,Life's greatest adventures begin with a single... Leap!,2016-12-14
Me Before You,296096,Drama,New Line Cinema,20000000,207945075,#LiveBoldly,2016-06-02
Allied,369885,Action,Paramount,85000000,119520023,The enemy is listening.,2016-11-17
Lights Out,345911,Horror,Atomic Monster,4900000,148868835,You were right to be afraid of the dark.,2016-07-21
The Neon Demon,301365,Thriller,Amazon Studios,7000000,1333124,Beauty is vicious.,2016-06-08
A Monster Calls,258230,Drama,River Road Entertainment,43000000,47309313,Stories are wild creatures.,2016-10-07
The Void,378018,Mystery,XYZ Films,82510,0,There Is a Hell. This Is Worse.,2016-10-21
Fences,393457,Drama,Paramount,24000000,64414761,,2016-12-16
NaN,NaN,NaN,NaN,NaN,NaN,NaN,NaN
NaN,NaN,NaN,NaN,NaN,NaN,NaN,NaN
NaN,NaN,NaN,NaN,NaN,NaN,NaN,NaN
NaN,NaN,NaN,NaN,NaN,NaN,NaN,NaN
NaN,NaN,NaN,NaN,NaN,NaN,NaN,NaN
NaN,NaN,NaN,NaN,NaN,NaN,NaN,NaN
Ride Along 2,323675,Action,Reel Chefs Catering,40000000,124827316,The brothers-in-law are back,2016-01-14
Two Is a Family,382591,Drama,Mars Films,0,1447740,,2016-12-07
Deepwater Horizon,296524,Drama,TIK Film,110000000,121790373,"When faced with our darkest hour, hope is not a tactic",2016-09-29
My Brother's Wife 2,427175,Romance,NaN,0,0,,2016-08-31
Sully,363676,Drama,"Kennedy/Marshall Company, The",60000000,238470033,The Untold Story Behind the Miracle on the Hudson.,2016-09-07
Jack Reacher: Never Go Back,343611,Action,TC Productions,60000000,162146076,Justice is Coming.,2016-10-19
The Handmaiden,290098,Thriller,CJ Entertainment,8575000,1983204,Never did they expect to get into a controversial relationship...,2016-06-01
The Autopsy of Jane Doe,397243,Horror,IM Global,0,5972942,Every body has a secret.,2016-12-21
Silence,68730,Drama,Waypoint Entertainment,46000000,23737523,Pray with your eyes open,2016-12-22
Beauty Salon Special Services,482702,Drama,NaN,0,0,,2016-12-29
The Founder,310307,Drama,Speedie Distribution,25000000,23964782,Risk taker. Rule breaker. Game changer.,2016-11-24
Never Back Down: No Surrender,391757,Drama,Stage 6 Films,0,0,,2016-06-07
"Crouching Tiger, Hidden Dragon: Sword of Destiny",263341,Action,The Weinstein Company,20000000,0,The past returns with a vengeance.,2016-02-18
Colossal,339967,Action,Neon,0,3021345,There's a monster in all of us,2016-06-30
Neighbors 2: Sorority Rising,325133,Comedy,Perfect World Pictures,35000000,108758521,New neighbors.,2016-05-04
Rocco,416148,Documentary,Program 33,0,0,,2016-11-30
Passengers,274870,Drama,Wanda Pictures,110000000,303144152,There is a reason they woke up.,2016-12-21
13 Hours: The Secret Soldiers of Benghazi,300671,Action,Paramount,50000000,69411370,"When everything went wrong, six men had the courage to do what was right.",2016-01-13
How to Be Single,259694,Comedy,New Line Cinema,38000000,112343513,Welcome to the party,2016-01-21
Kubo and the Two Strings,313297,Animation,Focus Features,60000000,69929545,The quest begins,2016-08-18
My Big Fat Greek Wedding 2,302688,Romance,Universal Pictures,18000000,88923251,People change. Greeks don't.,2016-03-23
Friend Request,368031,Horror,Wiedemann & Berg Filmproduktion,9900000,2400000,Be careful who you click with.,2016-01-07
The Invisible Guest,411088,Mystery,Televisió de Catalunya TV3,4000000,0,,2016-09-22
Why Him?,356305,Comedy,21 Laps Entertainment,38000000,118034273,Of all the guys his daughter could have chosen...,2016-12-22
Before I Wake,301804,Drama,MICA Entertainment,0,3295624,Fear your dreams.,2016-04-07
Pete's Dragon,294272,Adventure,Walt Disney Pictures,65000000,143695338,Some secrets are too big to keep.,2016-08-10
Teenage Mutant Ninja Turtles: Out of the Shadows,308531,Fantasy,5150 Action,135000000,245623848,Raise some shell.,2016-06-01
Cell,168098,Horror,Cargo Entertainment,0,1133031,When everyone is connected no one is safe.,2016-07-06
Term Life,257440,Thriller,WWE Studios,16500000,21256,A daughter out of options. A father out of time.,2016-04-29
Nerve,328387,Mystery,Keep Your Head,19000000,85241496,Are you a watcher or a player?,2016-07-27
Collateral Beauty,345920,Drama,Village Roadshow Pictures,36000000,87416021,We are all connected,2016-12-06
Eddie the Eagle,319888,Comedy,Studio Babelsberg,23000000,46152411,"Win or lose, always aim high",2016-02-26
The Salesman,375315,Drama,Doha Film Institute,0,2216318,,2016-06-24
A Silent Voice,378064,Drama,Kyoto Animation,0,19606617,,2016-09-17
The Belko Experiment,341006,Action,Orion Pictures,10000000,0,,2016-03-17
Don't Breathe,300669,Crime,Ghost House Pictures,9900000,159047649,"This house looked like an easy target, until they found out what was inside.",2016-08-25
Gold,334524,Adventure,Living Films,20000000,7227038,Prove 'em all wrong,2016-12-22
Zoolander 2,329833,Comedy,Scott Rudin Productions,50000000,55969000,Long time no Z,2016-02-06
Green Room,313922,Horror,Film Science,5000000,3220371,One way in. No way out.,2016-04-15
Mechanic: Resurrection,278924,Action,Davis-Films,40000000,125729635,Four continents. Three kills... Or the love of his life is dead.,2016-08-25
NaN,NaN,NaN,NaN,NaN,NaN,NaN,NaN
NaN,NaN,NaN,NaN,NaN,NaN,NaN,NaN
NaN,NaN,NaN,NaN,NaN,NaN,NaN,NaN
NaN,NaN,NaN,NaN,NaN,NaN,NaN,NaN
NaN,NaN,NaN,NaN,NaN,NaN,NaN,NaN
NaN,NaN,NaN,NaN,NaN,NaN,NaN,NaN
NaN,NaN,NaN,NaN,NaN,NaN,NaN,NaN
Mine,345009,Thriller,Eagle Pictures,0,0,Stand Your Ground,2016-10-06
Money Monster,303858,Thriller,Allegiance Theater,27000000,93282604,Not every conspiracy is a theory.,2016-05-12
The Light Between Oceans,283552,Drama,DreamWorks,20000000,25956113,Love demands everything,2016-09-02
London Has Fallen,267860,Action,Millennium Films,60000000,205754447,The world's leaders have assembled. So have their enemies.,2016-03-02
Snowden,302401,Drama,Endgame Entertainment,40000000,37279439,The only safe place is on the run.,2016-09-15
Rock Dog,333667,Adventure,Dream Factory Group,60000000,9420546,A new breed of rock star,2016-07-08
Perfect Strangers,381341,Comedy,Lotus Production,0,0,"Everyone has three lives: a public life, a private life and a secret life",2016-02-11
Dad's Army,332721,Comedy,DJ Films,0,0,Blend in!,2016-02-05
Exposed,331962,Drama,Remark Films,0,1787926,Some secrets are better left buried,2016-01-22
The BFG,267935,Adventure,"Kennedy/Marshall Company, The",140000000,183345589,The world is more giant than you can imagine.,2016-06-01
Don't Hang Up,375355,Horror,Wild Spark,0,0,Be Careful Who You Prank,2016-10-22
Midnight Special,245703,Adventure,Faliro House Productions,18000000,6212282,He's not like us.,2016-02-18
Triple 9,146198,Action,Surefire Capital,20000000,12639297,The Code on the Street is Never Black & White,2016-02-19
Café Society,339397,Comedy,Perdido Productions,30000000,43763247,Anyone who is anyone will be seen at Café Society.,2016-05-11
Train to Busan,396535,Action,NEW,8820000,87547518,Life-or-death survival begins,2016-07-20
"Hail, Caesar!",270487,Comedy,Universal Pictures,22000000,63647656,Lights. Camera. Abduction.,2016-02-05
Swiss Army Man,347031,Comedy,A24,3000000,4210454,We all need somebody to lean on.,2016-06-24
Bridget Jones's Baby,95610,Comedy,Working Title Films,35000000,211952420,Old flame. New fling. Big problem.,2016-09-14
Mean Dreams,393732,Drama,Woods Entertainment,0,0,The law won't protect you,2016-10-21
It's Only the End of the World,338189,Drama,Téléfilm Canada,10000000,0,It would have been a lovely family dinner. If it weren't the last.,2016-08-26
Billy Lynn's Long Halftime Walk,293767,Drama,TriStar Productions,40000000,30930984,,2016-11-10
Mythica: The Godslayer,401689,Adventure,Mainstay Productions,0,0,,2016-12-17
Kingsglaive: Final Fantasy XV,390734,Action,Square Enix,0,269980,Kingsglaive: Final Fantasy XV,2016-07-09
The Girl on the Train,346685,Crime,Reliance Entertainment,45000000,173185859,What you see can hurt you.,2016-10-05
Brimstone,324560,Mystery,X-Filme Creative Pool,0,0,Retribution is coming.,2016-03-12
A Cinderella Story: If the Shoe Fits,407655,Comedy,Film Afrika Worldwide,0,0,,2016-08-02
The Edge of Seventeen,376660,Comedy,Tang Media Productions,9000000,18803648,You're only young once... is it over yet?,2016-11-18
Russian Mother,419116,Drama,NaN,0,0,,2016-07-28
A Dark Song,409297,Drama,Tall Man Films,0,0,Not everything can be forgiven.,2016-10-14
The Assignment,399173,Action,SBS Films,5000000,0,One job changed it all.,2016-04-27
Sex Doll,412520,Drama,Wild Bunch,0,0,A tale of modern love.,2016-12-07
Imperium,374617,Crime,Tycor International Film Company,0,35000,Defend your nation. Become your enemy.,2016-08-19
Mike and Dave Need Wedding Dates,316023,Comedy,Chernin Entertainment,33000000,77068246,They needed hot dates. They got hot messes.,2016-07-07
The Fundamentals of Caring,318121,Comedy,Worldwide Pants,0,0,Caring is a funny thing.,2016-06-16
Criminal,302156,Action,Millennium Films,31500000,14708696,,2016-04-14
Julieta,332872,Drama,TVE,1490000,0,,2016-04-08
Live by Night,259695,Crime,Appian Way,108000000,22678555,Witness the price of the American Dream.,2016-12-25
Emerald Green,337556,Drama,Geißendörfer Film- und Fernsehproduktion (GFF),0,0,,2016-07-07
Popstar: Never Stop Never Stopping,341012,Comedy,Universal Pictures,0,9496130,,2016-06-03
The Unknown Girl,340481,Thriller,France 2 Cinéma,0,0,"Masterful... A Deft, Meticulous Moral Drama.",2016-10-05
NaN,NaN,NaN,NaN,NaN,NaN,NaN,NaN
NaN,NaN,NaN,NaN,NaN,NaN,NaN,NaN
NaN,NaN,NaN,NaN,NaN,NaN,NaN,NaN
NaN,NaN,NaN,NaN,NaN,NaN,NaN,NaN
NaN,NaN,NaN,NaN,NaN,NaN,NaN,NaN
NaN,NaN,NaN,NaN,NaN,NaN,NaN,NaN
NaN,NaN,NaN,NaN,NaN,NaN,NaN,NaN
NaN,NaN,NaN,NaN,NaN,NaN,NaN,NaN
NaN,NaN,NaN,NaN,NaN,NaN,NaN,NaN
NaN,NaN,NaN,NaN,NaN,NaN,NaN,NaN
Bleed for This,332979,Drama,Sikelia Productions,6000000,6174491,This is what the greatest comeback in sports history looks like,2016-11-04
Ouija: Origin of Evil,335796,Horror,Platinum Dunes,9000000,81705746,"When you talk to the other side, you never know who will be listening.",2016-10-20
The Limehouse Golem,369300,Horror,Number 9 Films,0,2225698,"Before the ripper, fear had another name.",2016-12-23
Bad Santa 2,338964,Comedy,Ingenious Media,26000000,23229371,Giving the holidays another shot.,2016-11-23
A United Kingdom,347026,Drama,Pathé,14000000,13819139,The true story of a love that shook an empire,2016-11-25
Misconduct,373314,Drama,Lionsgate,11000000,0,Ambition can be deadly,2016-02-05
Mother's Day,353069,Comedy,PalmStar Media,25000000,48418160,Celebrate the one day that connects us all,2016-04-28
Rules Don't Apply,291328,Romance,Tatira,25000000,3885342,,2016-11-23
Hands of Stone,184341,Drama,La Piedra Films,20000000,0,No más. No surrender.,2016-08-26
Pride and Prejudice and Zombies,58431,Romance,Screen Gems,28000000,16374328,Bloody lovely.,2016-02-04
Sherlock: The Abominable Bride,379170,Crime,British Broadcasting Corporation (BBC),0,0,,2016-01-01
The Wailing,293670,Horror,Fox International Productions,0,785405,Never be tempted.,2016-05-12
Pelé: Birth of a Legend,245913,Drama,Zohar International,0,27312,A boy with nothing who changed everything.,2016-05-06
Anthropoid,351339,History,LD Entertainment,9000000,4600000,Resistance has a code name,2016-08-12
Marauders,359412,Action,Grindstone Entertainment Group,15000000,0,The rich will pay,2016-07-01
Free State of Jones,316152,Action,Vendian Entertainment,50000000,25035950,Based on the incredible true story.,2016-06-24
Keanu,342521,Action,New Line Cinema,15000000,20609977,"Kitten, please.",2016-04-21
Kickboxer: Vengeance,308529,Action,Headmon Entertainment & Productions,17000000,0,,2016-07-14
From the Land of the Moon,376166,Drama,Les Productions du Trésor,10300000,47748,,2016-10-19
Get a Job,186759,Comedy,Double Feature Films,8000000,0,Graduating was the easy part,2016-03-25
Miracles from Heaven,339984,Drama,TriStar Pictures,16000000,73983359,How do we explain the impossible?,2016-03-17
Elvis & Nixon,301348,Drama,Autumn Productions,0,1055287,"On December 21st, 1970, two of America's greatest recording artists met for the first time.",2016-04-22
A Hologram for the King,270010,Comedy,X-Filme Creative Pool,30000000,4212494,How far will you go? To find yourself.,2016-04-22
Gantz:O,396263,Science Fiction,Toho,0,2238600,,2016-10-14
When the Bough Breaks,335791,Mystery,Unique Features,10000000,30658387,She's carrying more than just a secret.,2016-09-09
Don't Think Twice,356298,Comedy,The Film Arcade,0,4417667,The spotlight's not for everyone.,2016-07-22
Coco,354912,Adventure,Pixar,175000000,700920729,The celebration of a lifetime,2017-10-27
Star Wars: The Last Jedi,181808,Fantasy,Lucasfilm,200000000,1325937250,The Saga Continues,2017-12-13
Thor: Ragnarok,284053,Action,Marvel Studios,180000000,854229371,No Hammer. No Problem.,2017-10-25
Beauty and the Beast,321612,Family,Walt Disney Pictures,160000000,1263521126,Be our guest.,2017-03-16
Pitch Perfect 3,353616,Comedy,Gold Circle Films,45000000,183600000,Last Call Pitches,2017-12-21
Justice League,141052,Action,DC Comics,500000000,655894816,,2017-11-15
The Shape of Water,399055,Drama,Double Dare You Productions,19500000,185545281,A Fairy Tale for Troubled Times,2017-12-01
Sleight,347882,Drama,Diablo Entertainment,0,0,You can change the cards you're dealt,2017-04-28
Jumanji: Welcome to the Jungle,353486,Action,Radar Pictures,90000000,928901353,The game has evolved.,2017-12-09
Logan,263115,Action,Donners' Company,97000000,616801808,His time has come,2017-02-28
Blade Runner 2049,335984,Mystery,Torridon Films,150000000,259239658,There's still a page left.,2017-10-04
15+ IQ Krachoot,483877,Comedy,Sahamongkol Film International Co. Ltd.,0,0,,2017-08-03
Kamen Rider Heisei Generations FINAL: Build & Ex-Aid with Legend Riders,479363,Action,"Toei Company, Ltd.",0,10289397,The Shocking Final Chapter to Heisei!,2017-12-09
Murder on the Orient Express,392044,Crime,The Mark Gordon Company,55000000,348322890,Everyone is a suspect,2017-11-03
NaN,NaN,NaN,NaN,NaN,NaN,NaN,NaN
NaN,NaN,NaN,NaN,NaN,NaN,NaN,NaN
NaN,NaN,NaN,NaN,NaN,NaN,NaN,NaN
NaN,NaN,NaN,NaN,NaN,NaN,NaN,NaN
NaN,NaN,NaN,NaN,NaN,NaN,NaN,NaN
NaN,NaN,NaN,NaN,NaN,NaN,NaN,NaN
NaN,NaN,NaN,NaN,NaN,NaN,NaN,NaN
NaN,NaN,NaN,NaN,NaN,NaN,NaN,NaN
"Three Billboards Outside Ebbing, Missouri",359940,Crime,Blueprint Pictures,15000000,0,,2017-11-10
Spider-Man: Homecoming,315635,Action,Marvel Studios,175000000,880166924,Homework can wait. The city can't.,2017-07-05
Baby Driver,339403,Action,TriStar Pictures,34000000,226945087,All you need is one killer track.,2017-06-28
War for the Planet of the Apes,281338,Drama,TSG Entertainment,150000000,488533726,For freedom. For family. For the planet.,2017-07-11
Valerian and the City of a Thousand Planets,339964,Adventure,BNP Paribas,197471676,225164110,,2017-07-20
Split,381288,Horror,Universal Pictures,9000000,278304578,Kevin has 23 distinct personalities. The 24th is about to be unleashed.,2017-01-19
All the Money in the World,446791,Crime,Scott Free Productions,50000000,44264523,J. Paul Getty had a fortune. Everyone else paid the price.,2017-12-21
Guardians of the Galaxy Vol. 2,283995,Action,Marvel Studios,200000000,863756051,Obviously.,2017-04-19
John Wick: Chapter 2,324552,Thriller,Thunder Road Pictures,40000000,171539887,Never stab the devil in the back,2017-02-08
Ghost in the Shell,315837,Action,Weying Galaxy Entertainment,110000000,169801921,There's nothing sadder than a puppet without a ghost.,2017-03-29
The Dark Tower,353491,Action,Imagine Entertainment,60000000,111757995,There are other worlds than these,2017-08-03
It,346364,Drama,RatPac-Dune Entertainment,35000000,700381748,Your fears are unleashed,2017-09-05
The Hitman's Bodyguard,390043,Action,Tom de Mol Productions,30000000,64897007,Get Triggered,2017-08-16
Kong: Skull Island,293167,Action,Legendary Pictures,185000000,566652812,All hail the king,2017-03-08
Fifty Shades Darker,341174,Drama,Universal Pictures,55000000,378827494,Every fairy tale has a dark side.,2017-02-08
The Girl in the Fog,468202,Crime,Medusa Film,0,0,,2017-10-26
The Fate of the Furious,337339,Adventure,Universal Pictures,250000000,1238764765,Family no more,2017-04-12
Get Out,419430,Mystery,Monkeypaw Productions,4500000,255017329,"Just because you're invited, doesn't mean you're welcome.",2017-02-24
mother!,381283,Drama,Protozoa Pictures,33000000,34820846,Seeing is believing,2017-09-13
Downsizing,301337,Comedy,Ad Hominem Enterprises,68000000,50465228,We are meant for something bigger.,2017-12-22
Wonder,406997,Drama,Lionsgate,20000000,0,Are you ready to meet Auggie Pullman?,2017-11-13
Lady Bird,391713,Comedy,A24,10000000,43733193,Fly Away Home.,2017-09-08
Call Me by Your Name,398818,Romance,Sony Pictures Classics,3500000,22040908,,2017-10-27
Jigsaw,298250,Crime,Twisted Pictures,0,0,A New Game Begins.,2017-10-25
Geostorm,274855,Action,Twisted Media,120000000,65400000,Some things were never meant to be controlled.,2017-10-13
Cars 3,260514,Adventure,Pixar,175000000,383715756,It's not over until lightning strikes.,2017-06-15
Suburbicon,395458,Thriller,Huahua Media,10000000,0,,2017-10-26
Darkest Hour,399404,Drama,Perfect World Pictures,30000000,114845157,Never never never surrender,2017-11-22
Transformers: The Last Knight,335988,Action,Paramount,217000000,605425157,"For one world to live, the other must die.",2017-06-16
Atomic Blonde,341013,Action,Focus Features,30000000,95673925,,2017-07-26
Alien: Covenant,126889,Horror,Scott Free Productions,97000000,232380243,The path to paradise begins in hell,2017-05-09
Ferdinand,364689,Animation,Blue Sky Studios,111000000,287195794,Built To Fight. Born To Love,2017-12-09
Paddington 2,346648,Adventure,Heyday Films,40000000,217819389,It takes a bear to catch a thief,2017-11-09
"I, Tonya",389015,Drama,Clubhouse Pictures,11000000,33486673,Fitting In is Overrated,2017-11-27
Suck Me Shakespeer 3,437670,Comedy,Constantin Film,0,0,,2017-10-26
xXx: Return of Xander Cage,47971,Action,Rox Productions,85000000,346147658,"There are no more patriots, just rebels and tyrants.",2017-01-13
Baywatch,339846,Action,Uncharted,69000000,177856751,"Don't worry, summer is coming",2017-05-12
Wind River,395834,Crime,Savvy Media Holdings,11000000,184770205,Nothing is harder to track than the truth.,2017-08-03
Annabelle: Creation,396422,Horror,Atomic Monster,15000000,305092201,You don't know the real story,2017-08-03
What Happened to Monday,406990,Science Fiction,Vendome Pictures,0,0,Seven sisters. One identity.,2017-08-18
NaN,NaN,NaN,NaN,NaN,NaN,NaN,NaN
NaN,NaN,NaN,NaN,NaN,NaN,NaN,NaN
NaN,NaN,NaN,NaN,NaN,NaN,NaN,NaN
NaN,NaN,NaN,NaN,NaN,NaN,NaN,NaN
NaN,NaN,NaN,NaN,NaN,NaN,NaN,NaN
NaN,NaN,NaN,NaN,NaN,NaN,NaN,NaN
Hangman,323368,Mystery,Meyers Media Group,0,0,There will be one winner.,2017-12-22
Power Rangers,305470,Action,Lionsgate,100000000,142337240,Together we are more,2017-03-23
The Man with the Iron Heart,339259,War,Red Crown Productions,32679734,0,,2017-05-25
Mayaanadhi,458741,Drama,Moonshot Entertainment,0,0,,2017-12-22
The Mummy,282035,Fantasy,Secret Hideout,125000000,407778013,Welcome To A New World of Gods And Monsters,2017-06-06
Happy Death Day,440021,Horror,Vesuvius Productions,4800000,117883845,Get up. Live your day. Get killed. Again.,2017-10-12
The Foreigner,379149,Action,Sparkle Roll Media,35000000,0,Never push a good man too far,2017-09-28
Professor Marston and the Wonder Women,420622,Drama,Topple Productions,0,0,Ever wonder?,2017-10-13
Detroit,407448,Crime,Annapurna Pictures,34000000,16790139,It's time we knew,2017-07-28
Covet: The Island of Desire,482560,Romance,NaN,0,0,,2017-01-01
Acts of Vengeance,445954,Thriller,Nu Boyana Film Studios,10000000,0,Payback Speaks Louder Than Words,2017-10-27
The Death of Stalin,402897,Comedy,Title Media,0,12725059,"In the Kremlin, no one can hear you scheme.",2017-10-20
Bright,400106,Action,Netflix,90000000,0,,2017-12-22
Revolt,313943,Action,Automatik Entertainment,4000000,0,,2017-07-01
The Florida Project,394117,Drama,A24,2000000,5672618,Welcome to a magical kingdom,2017-10-07
Father Figures,354861,Comedy,Alcon Entertainment,25000000,22667861,Finding Their Father Would Be a Family Miracle,2017-12-21
Flatliners,400710,Drama,The Safran Company,19000000,9800000,You haven't lived until you've died,2017-09-28
Olaf's Frozen Adventure,460793,Adventure,Walt Disney Pictures,0,0,,2017-10-27
Shot Caller,339692,Crime,Directv,0,0,Some criminals are made in prison,2017-07-13
A Bad Moms Christmas,431530,Comedy,STX Entertainment,28000000,83154557,,2017-11-01
Daddy's Home 2,419680,Comedy,Red Granite Pictures,69000000,119261377,More Daddies. More Problems.,2017-11-09
Once Upon a Time in Venice,345915,Action,Voltage Pictures,0,0,Never mess with a man's dog,2017-06-08
Mom and Dad,401561,Thriller,Armory Films,0,0,Sometimes they just want to kill you,2017-09-24
American Assassin,415842,Action,TIK Films,33000000,78406174,A story centered on counterterrorism agent Mitch Rapp.,2017-09-14
Wonderstruck,383709,Drama,Picrow,0,1947099,"It's not what you look at that matters, it's what you see.",2017-10-13
The Square,401246,Drama,ZDF/Arte,0,1473966,,2017-08-25
The Emoji Movie,378236,Comedy,Columbia Pictures,50000000,216909830,Not easy being meh,2017-07-23
Loving Vincent,339877,Animation,Breakthru Films,5500000,28335113,,2017-08-02
2:22,269795,Drama,Pandemonium,0,3500000,,2017-06-29
Getaway Plan,436827,Action,ETB,0,0,,2017-04-28
Brawl in Cell Block 99,398175,Action,XYZ Films,10000000,0,,2017-09-23
1922,452507,Crime,Campfire,0,0,,2017-10-20
A Cure for Wellness,340837,Horror,Studio Babelsberg,40000000,26559557,There is a Cure,2017-02-15
Mayhem,429733,Action,Circle of Confusion,0,0,Hostile. Work. Environment.,2017-03-13
Okja,387426,Adventure,Kate Street Picture Company,50000000,0,,2017-06-28
Home Again,427900,Comedy,Black Bicycle Entertainment,12000000,98875012,Starting over is not for beginners.,2017-09-07
Thelma,401898,Romance,The Orchard,5741614,81182,Sometimes the most terrifying discovery is who you really are,2017-09-15
The Mountain Between Us,290512,Romance,Chernin Entertainment,35000000,57607521,What if your life depended on a stranger?,2017-10-05
Life,395992,Horror,Columbia Pictures,58000000,100541806,Be careful what you search for,2017-03-22
Only the Brave,395991,Drama,Di Bonaventura Pictures,10000000,0,"It’s not what stands in front of you, it’s who stands beside you",2017-09-22
NaN,NaN,NaN,NaN,NaN,NaN,NaN,NaN
NaN,NaN,NaN,NaN,NaN,NaN,NaN,NaN
NaN,NaN,NaN,NaN,NaN,NaN,NaN,NaN
NaN,NaN,NaN,NaN,NaN,NaN,NaN,NaN
NaN,NaN,NaN,NaN,NaN,NaN,NaN,NaN
Bar Boys,469691,Comedy,"SM Lifestyle Entertainment, Inc.",0,0,A group of friends enter the dog-eat-dog world of law school,2017-08-16
The Babysitter,419479,Horror,Wonderland Sound and Vision,0,0,Dream girls can be a nightmare,2017-10-13
Perfect Strangers,435126,Drama,Telecinco Cinema,0,0,,2017-12-01
Leatherface,300665,Horror,Lionsgate,0,0,The Origin Story of The Texas Chain Saw Massacre,2017-09-14
"Everything, Everything",417678,Drama,Alloy Entertainment,10000000,34000284,Risk everything... for love.,2017-05-19
The Killing of a Sacred Deer,399057,Drama,Element Pictures,0,2205074,,2017-10-20
Jungle,390062,Adventure,Screen Queensland,0,0,Nature has only one law - Survival,2017-10-20
The Lost City of Z,314095,Action,Northern Ireland Screen,30000000,8574339,"In 1925, Percy Fawcett ventured into the Amazon in search of a myth. What he discovered became legendary.",2017-03-15
Starship Troopers: Traitor of Mars,460790,Action,Lucent Pictures Entertainment,0,0,,2017-08-21
S.W.A.T.: Under Siege,461053,Action,Original Film,0,0,,2017-08-01
Death Note,351460,Fantasy,Vertigo Entertainment,40000000,0,,2017-08-25
The Snowman,372343,Drama,Universal Pictures,35000000,43070765,"Soon the first snow will come, and then he will kill again.",2017-10-12
The Nut Job 2: Nutty by Nature,335777,Family,Open Road Films (II),40000000,0,Get ready. Get set. Get nuts!,2017-08-11
The Space Between Us,365942,Romance,Los Angeles Media Fund (LAMF),30000000,14793385,What's your favorite thing about Earth?,2017-01-26
My Brother's Wife 3 - The Woman Downstairs,453213,Romance,NaN,0,0,,2017-01-14
War Machine,354287,Comedy,Netflix,60000000,0,We're gonna liberate the sh** out of you.,2017-05-26
Monster Trucks,262841,Action,Nickelodeon Movies,125000000,64493915,Meet Creech,2017-01-04
Logan Lucky,399170,Action,Free Association,29000000,47299234,See how the other half steals.,2017-08-17
Salyut-7,438740,Action,Vita Aktiva,15000000,13767037,,2017-09-22
Captain Underpants: The First Epic Movie,268531,Action,Scholastic Entertainment,38000000,125289450,,2017-06-01
Keep Watching,242606,Thriller,Screen Gems,0,0,Kill or Be Killed,2017-05-04
The Bye Bye Man,292280,Horror,Los Angeles Media Fund (LAMF),7400000,26667197,Don't think it. Don't say it.,2017-01-12
It Comes at Night,418078,Horror,A24,5000000,0,,2017-06-09
The Villainess,437109,Drama,Apeitda,0,0,An endless vengeance begins,2017-06-08
Veronica,441701,Drama,Apaches Entertainment,0,0,Someone answered your call.,2017-08-25
24 Hours to Live,470114,Action,Film Afrika Worldwide,0,0,Contracted to kill. Fighting to survive.,2017-10-26
My Little Pony: The Movie,335360,Music,Lionsgate,0,55553277,Discover A Different Breed Of Hero,2017-10-05
Cult of Chucky,393345,Horror,Universal 1440 Entertainment,0,0,You may feel a little prick,2017-09-23
Gifted,400928,Drama,Grade A Entertainment,7000000,40343446,,2017-04-12
All Eyez on Me,402529,Drama,Morgan Creek Productions,10000000,0,Legends never die,2017-06-12
Extortion,333354,Action,Filmmuse Productions,0,0,How much is your family worth?,2017-01-02
Below Her Mouth,370663,Drama,Distant Horizon,0,0,,2017-02-10
#realityhigh,455656,Comedy,Netflix,0,0,,2017-07-17
Amityville: The Awakening,203835,Thriller,Blumhouse Productions,0,0,Every house has a history. This one has a legend.,2017-07-20
Rip Tide,457262,Family,The Steve Jaggi Company,3400000,0,,2017-06-10
Jeepers Creepers 3,55341,Horror,Scoundrel Media,30000000,0,Third Time's the Charm,2017-09-26
Going in Style,353070,Crime,Village Roadshow Pictures,25000000,84618541,,2017-04-06
Megan Leavey,424488,Drama,Calle Cruzada,0,0,Based on the true story of a marine's best friend.,2017-06-09
Smurfs: The Lost Village,137116,Adventure,Kerner Entertainment Company,60000000,197183546,,2017-03-23
Mark Felt: The Man Who Brought Down the White House,390061,Drama,Cara Films,0,0,,2017-09-29
NaN,NaN,NaN,NaN,NaN,NaN,NaN,NaN
NaN,NaN,NaN,NaN,NaN,NaN,NaN,NaN
NaN,NaN,NaN,NaN,NaN,NaN,NaN,NaN
NaN,NaN,NaN,NaN,NaN,NaN,NaN,NaN
NaN,NaN,NaN,NaN,NaN,NaN,NaN,NaN
NaN,NaN,NaN,NaN,NaN,NaN,NaN,NaN
NaN,NaN,NaN,NaN,NaN,NaN,NaN,NaN
NaN,NaN,NaN,NaN,NaN,NaN,NaN,NaN
6 Days,347984,Action,XYZ Films,0,4886,"London 1980, the world witnessed a new way to tackle terrorism.",2017-08-03
You Were Never Really Here,398181,Drama,Why Not Productions,0,0,,2017-11-08
Attraction,401513,Drama,Vodorod 2011,6277106,0,The Earth is for Humans,2017-01-26
Le Brio,452187,Comedy,Moonshaker,0,0,,2017-11-22
Birth of the Dragon,408266,Action,Groundswell Productions,0,0,,2017-08-25
Rough Night,397422,Drama,LStar Capital,20000000,45056771,The hangover will be the least of their problems,2017-06-15
Dragonheart: Battle for the Heartfire,451644,Adventure,NaN,0,0,,2017-06-13
Blade of the Immortal,426284,Action,Rakuei-sha,0,0,His path is paved in blood.,2017-04-29
Gerald's Game,343674,Drama,Intrepid Pictures,0,0,Some games you play. Some you survive.,2017-09-19
Mary and the Witch's Flower,430447,Fantasy,Studio Ponoc,0,0,,2017-07-08
High Heel Homicide,458353,Thriller,Retromedia Entertainment,0,0,Anyone can commit murder.,2017-06-20
Our Souls at Night,433252,Romance,Netflix,0,0,,2017-09-01
The LEGO Ninjago Movie,274862,Action,Warner Bros. Animation,10000000,0,Find Your Inner Piece,2017-09-21
The House by the Sea,468207,Drama,Ex Nihilo,0,0,,2017-11-29
Earth: One Amazing Day,464593,Documentary,NaN,0,0,One day. One planet. Infinite wonder.,2017-08-04
T2 Trainspotting,180863,Crime,Creative Scotland,18000000,42067430,Face your past. Choose your future.,2017-01-27
Bedroom Eyes,458355,Thriller,Retromedia Entertainment,0,0,,2017-04-04
Altitude,443700,Action,Taylor & Dodge,0,0,,2017-04-14
Justice League Dark,408220,Action,Warner Bros. Animation,0,0,,2017-01-24
Boo 2! A Madea Halloween,459202,Horror,NaN,10000000,0,Peek-A-Boo.,2017-10-20
"Roman J. Israel, Esq.",413362,Crime,Culture China - Image Nation Abu Dhabi Fund,22000000,11942780,,2017-11-10
Rings,14564,Horror,Paramount,25000000,83080890,Evil is reborn.,2017-02-01
47 Meters Down,403119,Drama,Lantica Media,5500000,44235023,No way out. No way up. No chance in hell.,2017-05-25
Sand Castle,390054,Drama,The Mark Gordon Company,0,0,Home is a war away,2017-04-21
Barbie: Dolphin Magic,476631,Animation,Mattel,0,0,,2017-10-13
JoJo's Bizarre Adventure: Diamond Is Unbreakable - Chapter 1,431572,Action,Toho Company,0,0,,2017-08-04
Borg vs McEnroe,397538,Drama,Danish Film Institute,7977342,0,Some stars shine forever,2017-09-06
Along with the Gods: The Two Worlds,397567,Drama,Lotte Entertainment,0,1908823,,2017-12-20
A Ghost Story,428449,Drama,Sailor Bear,100000,15584255,It's all about time,2017-07-07
How to Be a Latin Lover,425134,Comedy,Pantelion Films,0,26251899,Fifty shades grayer,2017-04-28
Unlocked,291276,Action,Silver Reel,0,0,,2017-04-27
Bullet Head,480572,Drama,Millenium Films,0,87465,,2017-12-07
BPM,451945,Drama,The Orchard,0,0,,2017-08-23
Bingo: The King of the Mornings,429210,Comedy,Gullane Entretenimento S.A.,0,0,"70% is inspiration, 30% is whiskey",2017-08-24
Brigsby Bear,403431,Comedy,Sony Pictures Classics,0,0,Until our next adventure...,2017-07-27
Free Fire,334521,Action,Rook Films,10000000,3793739,All guns. No control.,2017-03-31
Marrowbone,399366,Drama,Telecinco Cinema,8000000,0,,2017-10-27
Happy End,399031,Drama,X-Filme Creative Pool,13600000,0,,2017-10-04
Before I Fall,397837,Drama,Open Road Films,5000000,12141122,What if today was the only day of the rest of your life?,2017-03-02
Fifty Shades Freed,337167,Drama,Universal Pictures,55000000,136906000,Don't miss the climax,2018-02-07
NaN,NaN,NaN,NaN,NaN,NaN,NaN,NaN
NaN,NaN,NaN,NaN,NaN,NaN,NaN,NaN
NaN,NaN,NaN,NaN,NaN,NaN,NaN,NaN
NaN,NaN,NaN,NaN,NaN,NaN,NaN,NaN
NaN,NaN,NaN,NaN,NaN,NaN,NaN,NaN
NaN,NaN,NaN,NaN,NaN,NaN,NaN,NaN
Avengers: Infinity War,299536,Adventure,Walt Disney Pictures,500000000,0,An entire universe. Once and for all.,2018-04-25
Annihilation,300668,Mystery,DNA Films,40000000,13258603,Fear What's Inside.,2018-02-22
Insidious: The Last Key,406563,Mystery,Stage 6 Films,10000000,165242521,Fear comes home.,2018-01-03
A Quiet Place,447332,Drama,Sunday Night,17000000,0,"If they can hear you, they can hunt you.",2018-04-05
Death Race 4: Beyond Anarchy,401478,Action,Capital Arts Entertainment,0,0,,2018-01-30
"Love, Simon",449176,Comedy,Temple Hill Entertainment,17000000,11800000,He's done keeping his story straight.,2018-03-16
Maze Runner: The Death Cure,336843,Action,Gotham Group,62000000,259854591,The end will be WCKD,2018-01-17
Red Sparrow,401981,Mystery,Soundtrack New York,69000000,83607124,Seduce. Deceive. Repeat.,2018-03-01
The Monkey King 3: Kingdom of Women,437543,Action,NaN,73000000,0,,2018-02-16
12 Strong,429351,War,Torridon Films,0,47965355,The declassified true story of the horse soldiers,2018-01-18
Rampage,427641,Action,Flynn Picture Company,0,0,Big meets bigger,2018-04-12
Proud Mary,442064,Thriller,Sony Pictures,14000000,19766319,,2018-01-12
Death Wish,395990,Action,Paramount,0,0,,2018-03-02
I Kill Giants,419831,Thriller,XYZ Films,0,0,,2018-01-21
Suicide Squad: Hell to Pay,487242,Action,DC Entertainment,0,0,"When the world needs the best, they call on the worst",2018-03-27
The Titan,476926,Science Fiction,42,0,0,Evolve or die,2018-03-30
Peter Rabbit,381719,Animation,Sony Pictures Animation,50000000,0,Rascal. Rebel. Rabbit.,2018-02-07
Midnight Sun,419478,Romance,Boies/Schiller Film Group,0,0,Love will light the way.,2018-03-22
Blockers,437557,Comedy,Hurwitz & Schlossberg Productions,0,0,Teens out to have fun. Parents out to stop it.,2018-03-30
A Wrinkle in Time,407451,Adventure,Whitaker Entertainment,103000000,71700000,Be a warrior,2018-03-08
Game Night,445571,Mystery,New Line Cinema,37000000,101887030,This is not a game.,2018-02-22
Acrimony,464502,Drama,NaN,20000000,20784574,You always hurt the ones you love.,2018-03-30
Trouble Is My Business,513285,Adventure,Lumen Actus,200000,0,"Passion, Murder, and Betrayal. Just Another Day at the Office.",2018-04-03
Baaghi 2,496316,Action,Benetone Films,0,0,Rebel for Love,2018-03-30
"Don’t Worry, He Won’t Get Far on Foot",443009,Comedy,Anonymous Content,0,0,,2018-04-04
The Cloverfield Paradox,384521,Mystery,Paramount,10000000,0,The future unleashed every thing,2018-02-04
Day of the Dead: Bloodline,485415,Action,Nu Boyana Film Studios,8000000,0,Join the undying war.,2018-01-04
10x10,505177,Thriller,Head Gear Films,0,0,There are some secrets we cannot escape,2018-04-13
Deadpool 2,383498,Action,The Donners' Company,0,0,Prepare for the Second Coming.,2018-05-15
Pandas,497802,Documentary,Warner Bros. Pictures,0,0,WILD AT HEART,2018-04-06
Isle of Dogs,399174,Adventure,Studio Babelsberg,0,8764762,,2018-03-23
Mute,401371,Mystery,Netflix,0,0,He doesn’t need words.,2018-02-23
Jurassic World: Fallen Kingdom,351286,Action,Amblin Entertainment,0,0,Life finds a way,2018-06-01
Small Town Crime,412000,Thriller,Avva Pictures,0,0,Doing the right thing the wrong way.,2018-01-19
Paterno,467867,TV Movie,NaN,0,0,"The greater the legend, the harder the fall.",2018-04-07
"Game Over, Man!",456750,Action,Point Grey Pictures,0,0,,2018-03-23
Den of Thieves,449443,Action,NaN,30000000,46460961,You’re not the bad guys. We are.,2018-01-18
Parole,512291,Action,Antony D’Cruz Entertainment,0,0,,2018-04-06
Mademoiselle Paradis,424585,History,Nikolas Geyrhalter Filmproduktion,0,0,,2018-04-04
The Hurricane Heist,430040,Action,Windfall Productions,35000000,5400000,The ultimate storm for the perfect heist.,2018-02-01
NaN,NaN,NaN,NaN,NaN,NaN,NaN,NaN
NaN,NaN,NaN,NaN,NaN,NaN,NaN,NaN
NaN,NaN,NaN,NaN,NaN,NaN,NaN,NaN
NaN,NaN,NaN,NaN,NaN,NaN,NaN,NaN
NaN,NaN,NaN,NaN,NaN,NaN,NaN,NaN
NaN,NaN,NaN,NaN,NaN,NaN,NaN,NaN
NaN,NaN,NaN,NaN,NaN,NaN,NaN,NaN
Just a Breath Away,477489,Science Fiction,Quad Productions,0,0,,2018-04-04
Batman: Gotham by Gaslight,471474,Thriller,Warner Bros. Animation,10000000,0,"As the Ripper stalks Gotham City, the Dark Knight reveals the face of terror.",2018-01-12
The Princess and the Matchmaker,500168,Comedy,CJ Entertainment,0,0,,2018-02-28
The Outsider,199928,Crime,Waypoint Entertainment,0,0,,2018-03-09
Gemini,412302,Mystery,Neon,0,0,,2018-03-30
A Swingers Weekend,474883,Comedy,Savoy Entertainment,0,0,,2018-04-18
Acts of Violence,479040,Action,Colecar Productions,0,0,Protect what's yours.,2018-01-12
???? ????????,511385,Drama,???????????? ????? «?????????? ??????????»,0,0,,2018-04-05
The China Hustle,474753,Documentary,NaN,0,0,There are no good guys in this story.,2018-03-30
When We First Met,433310,Comedy,Long Road Productions,10000000,0,All he needs is a second chance... to be her first choice.,2018-02-09
Looking Glass,437375,Thriller,Kirk Shaw Productions,0,0,Seeing is deceiving,2018-02-16
Kickboxer: Retaliation,447665,Action,NaN,13000000,0,,2018-01-26
What a Man Wants,511883,Comedy,NaN,0,0,,2018-04-05
Sherlock Gnomes,370567,Romance,Rocket Pictures,59000000,0,,2018-03-15
Kutram Nadanthathu Enna,507111,NaN,NaN,0,0,,2018-02-23
Gogol. Viy,469284,NaN,NaN,0,0,Don't Leave The Circle,2018-04-05
Operation Red Sea,460555,Action,Bona Film Group,0,378942213,,2018-02-16
A Futile and Stupid Gesture,391710,Comedy,Abominable Pictures,10000000,0,"If You Don't Watch This Movie, We'll Kill Will Forte.",2018-01-24
Outside In,472805,Drama,Duplass Brothers Productions,0,0,Things are never the same on the outside.,2018-03-30
I Hate Kids,511789,Comedy,NaN,0,0,,2018-04-05
Truth or Dare,460019,Thriller,Blumhouse Productions,0,0,,2018-04-12
Quanto basta,508206,NaN,NaN,0,0,,2018-04-05
Mobile Homes,412059,Drama,NaN,0,0,,2018-04-04
Where Is Kyra?,385955,Drama,Big Indie Pictures,0,0,,2018-04-06
Accident Man,455236,Action,LINK Entertainment,0,0,Accidents happen. He can guarantee it.,2018-02-06
Padmaavat,432527,Drama,Bhansali Productions,0,0,,2018-01-25
Parmanu: The Story of Pokhran,465642,Drama,KriArj Entertainment,0,0,,2018-04-06
First Match,502122,Drama,CreativeBionics,0,0,This is HER fight.,2018-03-12
Cats and Peachtopia,513386,Animation,NaN,0,0,,2018-04-05
Guppy,511383,Drama,???? ????????? ??????????????? ????,0,0,,2018-04-05
Can I Recognize Your Soul,498299,Mystery,NaN,0,0,when physical appearance is the least what you need,2018-04-03
Solo: A Star Wars Story,348350,Action,Lucasfilm,0,0,,2018-05-23
Die Nacht der Nächte,512094,Documentary,NaN,0,0,,2018-04-05
???????,502260,NaN,NaN,0,0,,2018-04-05
Stand by Me,510007,Drama,NaN,0,0,"I love you grandpa, please don’t leave me.",2018-04-05
??????,513540,Thriller,NaN,0,0,,2018-04-06
I Can Only Imagine,470878,Drama,Toy Gun Films,0,0,,2018-03-08
Lutine,512381,NaN,NaN,0,0,,2018-04-04
Héctor El Father: Conocerás la verdad,511679,Drama,Mar de Cristal Films,0,0,,2018-03-22
Mission: Impossible - Fallout,353081,Adventure,Paramount,0,0,,2018-07-26
NaN,NaN,NaN,NaN,NaN,NaN,NaN,NaN
NaN,NaN,NaN,NaN,NaN,NaN,NaN,NaN
NaN,NaN,NaN,NaN,NaN,NaN,NaN,NaN
A Paris Education,490862,Drama,ARTE France Cinéma,0,0,,2018-04-04
Nul homme n'est une île,512376,NaN,NaN,0,0,,2018-04-04
La Bolduc,505593,Drama,Caramel Films,0,0,,2018-04-06
Call Boy,499191,Drama,Phantom Film,0,0,,2018-04-06
The Strangers: Prey at Night,371608,Horror,The Fyzz Facility,12500000,18752052,Never underestimate the kindness of strangers.,2018-03-07
Home by Spring,513296,Drama,Team 2 Entertainment,0,0,,2018-03-31
Winchester,416234,Fantasy,Imagination Design Works,0,19312713,Terror is building,2018-02-02
Dua Et Karde?iz,477270,Comedy,NaN,0,0,,2018-04-06
Abhiyum Anuvum,472947,Drama,Yoodlee Films,0,0,A Fearless Love Story,2018-04-06
???????  ???????  ????,510575,Drama,NaN,0,0,,2018-04-06
Suvarna Purushan,512287,Comedy,Puveilys Cinema,0,0,,2018-04-06
The Rescue List,511796,Documentary,NaN,0,0,,2018-04-06
The Flatwoods Monster: A Legacy of Fear,503555,Documentary,NaN,0,0,,2018-04-06
Once Upon a Time in London,468339,NaN,NaN,0,0,,2018-04-06
Iceman 2,490214,Action,NaN,0,0,,2018-05-18
Eggplant Emoji,503619,Comedy,Red Hour Films,0,0,,2018-04-07
Golden Dawn Girls,489172,Documentary,UpNorth Film,0,0,Meet the women behind the far-right movement,2018-04-06
K?z?m ve Ben,507537,Drama,Burak Film Yap?m,0,0,,2018-04-06
Fanney Khan,465651,NaN,T-Series,0,0,,2018-04-06
Lego DC Comics Super Heroes: The Flash,504997,Adventure,The Lego Group,10000000,0,,2018-02-13
The 15:17 to Paris,453201,Drama,Warner Bros. Pictures,30000000,37587717,In the face of fear ordinary people can do the extraordinary,2018-02-02
Taxi 5,434355,Comedy,ARP Sélection,0,0,,2018-04-11
Scorched Earth,347111,Action,Okanagan Media,0,0,"Before the end of the world, Gage has some people to kill.",2018-02-02
Le Portrait,509885,Drama,EGGmotion,0,0,,2018-04-03
Dr. Abdul Kalam,512131,NaN,NaN,0,0,,2018-04-06
Grand cru,510104,Documentary,Catbird Productions,0,0,,2018-04-06
Not Cinderella's Type,486753,Romance,Silver Peak Productions,0,0,,2018-02-20
Overboard,454619,Romance,Pantelion Film,0,0,,2018-04-13
Skywards,513126,NaN,NaN,0,0,,2018-04-07
The Valley,484368,NaN,NaN,0,0,,2018-04-07
Beirut,399248,Action,NaN,0,0,,2018-04-11
The Open House,485774,Thriller,Netflix,0,0,You can't lock out what's already inside.,2018-01-19
Step Sisters,431072,Comedy,Broad Green Pictures,10000000,0,Stomp it like it's hot,2018-01-19
Early Man,387592,Family,Aardman Animations,50000000,22900000,,2018-01-26
Crisanto Street,513124,NaN,NaN,0,0,,2018-04-07
Atomkraftwerk Zwentendorf,513163,NaN,NaN,0,0,,2018-04-07
"Paul, Apostle of Christ",476968,History,Outside Da Box,5000000,13156382,Where sin abounds... grace abounds more,2018-03-23
Mary Magdalene,407439,Drama,See-Saw Films,0,0,,2018-03-15
Gringo,340022,Comedy,Denver and Delilah Productions,0,0,"An American corporation, the Mexican cartel, chances are this won't end well.",2018-03-09
7 Days in Entebbe,433627,Thriller,Participant Media,0,0,,2018-03-16
NaN,NaN,NaN,NaN,NaN,NaN,NaN,NaN
NaN,NaN,NaN,NaN,NaN,NaN,NaN,NaN
NaN,NaN,NaN,NaN,NaN,NaN,NaN,NaN
NaN,NaN,NaN,NaN,NaN,NaN,NaN,NaN
La ch'tite famille,456165,Comedy,Pathé,0,0,,2018-02-28
Welcome the Stranger,413852,Drama,NaN,0,0,,2018-03-20
Irreplaceable You,450489,Comedy,Netflix,10000000,0,"Don't focus on what if, focus on what is.",2018-02-16
Love After Love,426251,Drama,Weedon Media,0,0,,2018-03-30
73 Questions,513150,NaN,NaN,0,0,,2018-04-07
WWE WrestleMania 34,513144,NaN,NaN,0,0,,2018-04-08
Fair Grounds,513164,NaN,NaN,0,0,,2018-04-07
Icebergs,513154,NaN,NaN,0,0,,2018-04-07
Undiscovered,513161,NaN,NaN,0,0,,2018-04-07
Carlotta's Face,513152,NaN,NaN,0,0,,2018-04-07
Late Afternoon,500688,NaN,NaN,0,0,,2018-04-07
????? Hanemun Honeymoon,513165,NaN,NaN,0,0,,2018-04-07
Big Block Singsong Wizard,513156,NaN,NaN,0,0,,2018-04-07
I Will Not Write Unless I Am Swaddled in Furs,513125,NaN,NaN,0,0,,2018-04-07
Liverleaf,498934,Horror,NaN,0,0,,2018-04-07
This Climate,513166,NaN,NaN,0,0,,2018-04-07
Operation Odessa,502164,Documentary,NaN,0,0,,2018-03-10
Sicario: Day of the Soldado,400535,Action,Rai Cinema,0,0,,2018-06-27
Drama Queens,491872,Action,filmbites,0,0,,2018-04-08
Every Day,465136,Drama,Orion Pictures,4900000,3623502,Every day a different body. Every day a different life. Every day in love with the same girl.,2018-02-22
The Directive,514868,Documentary,NaN,0,0,,2018-04-05
Orayiram Kinakkalal,514769,Comedy,Renji Panicker Entertainments,0,0,,2018-04-06
GATAO 2-The New Leader Rising,506053,Action,NaN,0,0,,2018-02-14
Crossing River,513127,NaN,NaN,0,0,,2018-04-08
The Predator,346910,Horror,Canada Film Capital,0,0,You'll Never See Him Coming,2018-08-02
Frankly a Mess,511512,Comedy,Wild Dogs Productions,0,0,,2018-04-08
Cheese in the Trap,471335,Romance,Mountain Movement Story,0,0,,2018-03-14
Forever My Girl,417261,Romance,LD Entertainment,0,0,,2018-01-26
Made in Iowa,513130,NaN,NaN,0,0,,2018-04-08
The Miracle Season,425373,Drama,NaN,0,0,,2018-04-13
Marillion: All One Tonight - Live At The Royal Albert Hall,511115,Music,NaN,0,0,,2018-04-02
Rangasthalam,461126,Action,Konidela Production Company,7800000,0,,2018-03-29
Marty,513131,NaN,NaN,0,0,,2018-04-08
Chappaquiddick,432301,Drama,Apex Entertainment,0,0,,2018-04-06
Ice,440630,Comedy,Art Pictures Studio,2500000,0,,2018-02-14
Allure,467916,Thriller,micro_scope,0,0,,2018-03-16
Ocean's 8,402900,Adventure,Village Roadshow Pictures,0,0,Every con has its pros,2018-06-07
Tre Maison Dasan,511799,Documentary,NaN,0,0,,2018-04-08
Capturing the Flag,514733,Documentary,NaN,0,0,,2018-04-08
Little Bitches,387773,Comedy,Sony Pictures,0,0,Best Friends for Never,2018-01-23
NaN,NaN,NaN,NaN,NaN,NaN,NaN,NaN
NaN,NaN,NaN,NaN,NaN,NaN,NaN,NaN
NaN,NaN,NaN,NaN,NaN,NaN,NaN,NaN
NaN,NaN,NaN,NaN,NaN,NaN,NaN,NaN
NaN,NaN,NaN,NaN,NaN,NaN,NaN,NaN
NaN,NaN,NaN,NaN,NaN,NaN,NaN,NaN
The First Purge,442249,Action,Platinum Dunes,0,0,,2018-07-04
The Leisure Seeker,449749,Drama,Rai Cinema,0,0,,2018-01-03
Sgt. Stubby: An American Hero,433694,NaN,NaN,0,0,,2018-04-13
Super Troopers 2,50022,Comedy,Broken Lizard Industries,5000000,0,The Time is Meow,2018-04-20
Andre the Giant,446663,Documentary,HBO Sports,0,0,Even bigger than you imagined,2018-04-10
First Reformed,458737,Thriller,Arclight Films,0,0,,2018-04-04
49 Mile Scenic Drive,513129,NaN,NaN,0,0,,2018-04-08
Les Tuche 3,424619,Comedy,Pathé,0,0,,2018-01-31
Bent,505579,Thriller,NaN,0,0,,2018-03-09
Fantastic Beasts: The Crimes of Grindelwald,338952,Drama,Warner Bros. Pictures,0,0,,2018-11-08
Portugal Não Está à Venda,510068,Comedy,NaN,0,0,,2018-04-01
Compulsion,368182,Thriller,NaN,0,0,There are no rules,2018-03-15
#TemanTapiMenikah,503352,Comedy,Falcon Pictures,0,0,,2018-03-29
